{
	"format_version": "1.16.100",
	"minecraft:item": {
		"description": {
			"identifier": "complementary:wand_essence_cooldown_i",
			"category": "commands"
		},
		"events": {
			"complementary:heal": {
				"swing": {},
				"damage": {
					"amount": 1,
					"target": "self",
					"type": "durability"
				},
				"run_command": {
					"command": [
						"effect @e[r=8] instant_health 1 1 true",
						"playsound block.enchanting_table.use @a ~~~ 10",
						"clear @p complementary:ruby 0 1",
						"particle complementary:essence_aura_cooldown ~~0.1~",
						"particle minecraft:heart_particle ~~2~"
					]
				}
			}
		},
		"components": {
			"minecraft:repairable": {
				"repair_items": [
					{
						"items": [
							"complementary:rune_essence"
						],
						"repair_amount": 250
					}
				]
			},
			"minecraft:creative_category": {
				"parent": "itemGroup.name.wizardry"
			},
			"minecraft:icon": {
				"texture": "complementary_wand_essence"
			},
			"minecraft:hand_equipped": true,
			"minecraft:max_stack_size": 1,
			"minecraft:durability": {
				"max_durability": 250
			},
			"minecraft:display_name": {
				"value": "Essence Wand\n§4Healing Aura\n§7Cooldown I"
			},
			"minecraft:cooldown": {
				"category": "wand_essence_cooldown_i",
				"duration": 11.67
			},
			"minecraft:on_use": {
				"on_use": {
					"condition": "t.val=0;t.i=0;loop(27,{t.val=q.is_item_name_any('slot.inventory',t.i,'complementary:ruby');t.val?{return t.val;}:0;t.i=t.i+1;});t.val=0;t.i=0;loop(9,{t.val=q.is_item_name_any('slot.hotbar',t.i,'complementary:ruby');t.val?{return t.val;}:0;t.i=t.i+1;});",
					"event": "complementary:heal"
				}
			}
		}
	}
}