{
	"format_version": "1.10.0",
	"particle_effect": {
		"description": {
			"identifier": "complementary:arcane_bling_power",
			"basic_render_parameters": {
				"material": "particles_alpha",
				"texture": "textures/particle/arcane/arcane_bling_power"
			}
		},
		"components": {
			"minecraft:emitter_rate_manual": {
				"max_particles": 100
			},
			"minecraft:emitter_lifetime_expression": {
				"activation_expression": 1,
				"expiration_expression": 0
			},
			"minecraft:emitter_shape_sphere": {
				"radius": 0.025,
				"direction": [
					0,
					0,
					0
				]
			},
			"minecraft:particle_lifetime_expression": {
				"max_lifetime": "math.random(0.6,2)"
			},
			"minecraft:particle_appearance_billboard": {
				"size": [
					"(1+variable.particle_random_1*0.1)-(variable.particle_age)",
					"(1+variable.particle_random_1*0.1)-(variable.particle_age)"
				],
				"facing_camera_mode": "lookat_xyz",
				"uv": {
					"texture_width": 15,
					"texture_height": 15,
					"uv": [
						0,
						0
					],
					"uv_size": [
						15,
						15
					]
				}
			}
		}
	}
}