{
	"format_version": "1.10.0",
	"particle_effect": {
		"description": {
			"identifier": "complementary:arcane_bling_cooldown",
			"basic_render_parameters": {
				"material": "particles_alpha",
				"texture": "textures/particle/arcane/arcane_bling_cooldown"
			}
		},
		"components": {
			"minecraft:emitter_rate_instant": {
				"num_particles": 1
			},
			"minecraft:emitter_lifetime_expression": {
				"activation_expression": 1,
				"expiration_expression": 0
			},
			"minecraft:emitter_shape_sphere": {
				"radius": 0,
				"direction": [
					0,
					0,
					0
				]
			},
			"minecraft:particle_lifetime_expression": {
				"max_lifetime": 0.05
			},
			"minecraft:particle_appearance_billboard": {
				"size": [
					1,
					1
				],
				"facing_camera_mode": "lookat_xyz",
				"uv": {
					"texture_width": 15,
					"texture_height": 15,
					"uv": [
						0,
						0
					],
					"uv_size": [
						15,
						15
					]
				}
			}
		}
	}
}