{
	"format_version": "1.16.100",
	"minecraft:item": {
		"description": {
			"identifier": "complementary:wand_ice_cooldown_iii",
			"category": "commands"
		},
		"events": {
			"complementary:ice_blast": {
				"shoot": {
					"projectile": "complementary:ice_beam",
					"launch_power": 1
				},
				"damage": {
					"target": "self",
					"amount": 1,
					"type": "magic"
				},
				"swing": {},
				"run_command": {
					"command": [
						"playsound use.snow @a ~~~ 0.3",
						"clear @p complementary:blue_ice_shard 0 1"
					]
				}
			}
		},
		"components": {
			"minecraft:repairable": {
				"repair_items": [
					{
						"items": [
							"complementary:rune_ice"
						],
						"repair_amount": 200
					}
				]
			},
			"minecraft:creative_category": {
				"parent": "itemGroup.name.wizardry"
			},
			"minecraft:icon": {
				"texture": "complementary_wand_ice"
			},
			"minecraft:hand_equipped": true,
			"minecraft:max_stack_size": 1,
			"minecraft:durability": {
				"max_durability": 200
			},
			"minecraft:display_name": {
				"value": "Ice Wand\n§bFreezing Burst\n§7Cooldown III"
			},
			"minecraft:cooldown": {
				"category": "wand_ice_cooldown_iii",
				"duration": 1
			},
			"minecraft:on_use": {
				"on_use": {
					"condition": "t.val=0;t.i=0;loop(27,{t.val=q.is_item_name_any('slot.inventory',t.i,'complementary:blue_ice_shard');t.val?{return t.val;}:0;t.i=t.i+1;});t.val=0;t.i=0;loop(9,{t.val=q.is_item_name_any('slot.hotbar',t.i,'complementary:blue_ice_shard');t.val?{return t.val;}:0;t.i=t.i+1;});",
					"event": "complementary:ice_blast"
				}
			}
		}
	}
}