{
	"format_version": "1.16.100",
	"minecraft:item": {
		"description": {
			"identifier": "complementary:potion_haste",
			"category": "equipment"
		},
		"events": {
			"complementary:potion_consume": {
				"run_command": {
					"command": [
						"effect @p haste 180 0 false"
					]
				}
			}
		},
		"components": {
			"minecraft:icon": {
				"texture": "complementary_potion_haste"
			},
			"minecraft:creative_category": {
				"parent": "itemGroup.name.potion"
			},
			"minecraft:max_stack_size": 1,
			"minecraft:use_animation": "drink",
			"minecraft:use_duration": 1.61,
			"minecraft:food": {
				"can_always_eat": true,
				"nutrition": 0,
				"saturation_modifier": "poor",
				"on_consume": {
					"event": "complementary:potion_consume"
				},
				"using_converts_to": "glass_bottle"
			},
			"minecraft:display_name": {
				"value": "Potion of Haste\n§7Haste (3:00)"
			}
		}
	}
}