{
	"format_version": "1.16.100",
	"minecraft:item": {
		"description": {
			"identifier": "complementary:wand_fire",
			"category": "none"
		},
		"events": {},
		"components": {
			"minecraft:max_stack_size": 1,
			"minecraft:hand_equipped": true,
			"minecraft:allow_off_hand": true,
			"minecraft:icon": {
				"texture": "complementary_wand_fire"
			},
			"minecraft:creative_category": {
				"parent": "itemGroup.name.wizardry.wands"
			},
			"minecraft:display_name": {
				"value": "Fire Wand\n§6Channels Fire Magic"
			}
		}
	}
}