{
	"format_version": "1.16.100",
	"minecraft:item": {
		"description": {
			"identifier": "complementary:steel_shovel",
			"category": "equipment"
		},
		"events": {
			"complementary:durability_use": {},
			"complementary:shovel_use": {
				"swing": {}
			}
		},
		"components": {
			"tag:complementary:steel_tier": {},
			"minecraft:repairable": {
				"repair_items": [
					{
						"items": [
							"complementary:steel_shovel"
						],
						"repair_amount": "context.other->query.remaining_durability+0.12*context.other->query.max_durability"
					},
					{
						"items": [
							"complementary:ruby"
						],
						"repair_amount": "query.max_durability*0.5"
					},
					{
						"items": [
							"complementary:steel_ingot"
						],
						"repair_amount": "query.max_durability*0.25"
					}
				]
			},
			"minecraft:max_stack_size": 1,
			"minecraft:hand_equipped": true,
			"minecraft:durability": {
				"max_durability": 452
			},
			"minecraft:mining_speed": 1,
			"minecraft:damage": 1,
			"minecraft:enchantable": {
				"value": 14,
				"slot": "shovel"
			},
			"minecraft:digger": {
				"use_efficiency": true,
				"destroy_speeds": [
					{
						"block": {
							"tags": "query.any_tag('dirt', 'sand', 'gravel', 'grass', 'snow')"
						},
						"speed": 10,
						"on_dig": {
							"event": "complementary:durability_use"
						}
					},
					{
						"block": "complementary:packed_dirt",
						"speed": 10,
						"on_dig": {
							"event": "complementary:durability_use"
						}
					},
					{
						"block": "mud",
						"speed": 10,
						"on_dig": {
							"event": "complementary:durability_use"
						}
					},
					{
						"block": "red_concrete_powder",
						"speed": 10,
						"on_dig": {
							"event": "complementary:durability_use"
						}
					},
					{
						"block": "blue_concrete_powder",
						"speed": 10,
						"on_dig": {
							"event": "complementary:durability_use"
						}
					},
					{
						"block": "yellow_concrete_powder",
						"speed": 10,
						"on_dig": {
							"event": "complementary:durability_use"
						}
					},
					{
						"block": "gray_concrete_powder",
						"speed": 10,
						"on_dig": {
							"event": "complementary:durability_use"
						}
					},
					{
						"block": "lime_concrete_powder",
						"speed": 10,
						"on_dig": {
							"event": "complementary:durability_use"
						}
					},
					{
						"block": "lime_concrete_powder",
						"speed": 10,
						"on_dig": {
							"event": "complementary:durability_use"
						}
					},
					{
						"block": "pink_concrete_powder",
						"speed": 10,
						"on_dig": {
							"event": "complementary:durability_use"
						}
					},
					{
						"block": "black_concrete_powder",
						"speed": 10,
						"on_dig": {
							"event": "complementary:durability_use"
						}
					},
					{
						"block": "brown_concrete_powder",
						"speed": 10,
						"on_dig": {
							"event": "complementary:durability_use"
						}
					},
					{
						"block": "cyan_concrete_powder",
						"speed": 10,
						"on_dig": {
							"event": "complementary:durability_use"
						}
					},
					{
						"block": "green_concrete_powder",
						"speed": 10,
						"on_dig": {
							"event": "complementary:durability_use"
						}
					},
					{
						"block": "green_concrete_powder",
						"speed": 10,
						"on_dig": {
							"event": "complementary:durability_use"
						}
					},
					{
						"block": "white_concrete_powder",
						"speed": 10,
						"on_dig": {
							"event": "complementary:durability_use"
						}
					},
					{
						"block": "orange_concrete_powder",
						"speed": 10,
						"on_dig": {
							"event": "complementary:durability_use"
						}
					},
					{
						"block": "purple_concrete_powder",
						"speed": 10,
						"on_dig": {
							"event": "complementary:durability_use"
						}
					},
					{
						"block": "magenta_concrete_powder",
						"speed": 10,
						"on_dig": {
							"event": "complementary:durability_use"
						}
					},
					{
						"block": "light_blue_concrete_powder",
						"speed": 10,
						"on_dig": {
							"event": "complementary:durability_use"
						}
					},
					{
						"block": "light_gray_concrete_powder",
						"speed": 10,
						"on_dig": {
							"event": "complementary:durability_use"
						}
					},
					{
						"block": "soul_sand",
						"speed": 10,
						"on_dig": {
							"event": "complementary:durability_use"
						}
					},
					{
						"block": "soul_soil",
						"speed": 10,
						"on_dig": {
							"event": "complementary:durability_use"
						}
					},
					{
						"block": "suspicious_sand",
						"speed": 10,
						"on_dig": {
							"event": "complementary:durability_use"
						}
					},
					{
						"block": "suspicious_gravel",
						"speed": 10,
						"on_dig": {
							"event": "complementary:durability_use"
						}
					},
					{
						"block": "dirt_with_roots",
						"speed": 10,
						"on_dig": {
							"event": "complementary:durability_use"
						}
					},
					{
						"block": "muddy_mangrove_roots",
						"speed": 10,
						"on_dig": {
							"event": "complementary:durability_use"
						}
					}
				]
			},
			"minecraft:icon": {
				"texture": "complementary_steel_shovel"
			},
			"minecraft:creative_category": {
				"parent": "itemGroup.name.shovel"
			},
			"tag:minecraft:is_shovel": {}
		}
	}
}