{
	"format_version": "1.16.100",
	"minecraft:item": {
		"description": {
			"identifier": "complementary:steel_chestplate",
			"category": "equipment"
		},
		"events": {
			"complementary:equip_steel": {
				"run_command": {
					"command": [
						"playsound armor.equip_diamond @a ~~~"
					]
				}
			}
		},
		"components": {
			"tag:minecraft:trimmable_armors": {},
			"tag:complementary:steel_tier": {},
			"minecraft:on_use": {
				"on_use": {
					"event": "complementary:equip_steel"
				}
			},
			"minecraft:max_stack_size": 1,
			"minecraft:enchantable": {
				"value": 9,
				"slot": "armor_torso"
			},
			"minecraft:durability": {
				"max_durability": 480
			},
			"minecraft:icon": {
				"texture": "complementary_steel_chestplate"
			},
			"minecraft:render_offsets": "chestplates",
			"minecraft:armor": {
				"protection": 8
			},
			"minecraft:wearable": {
				"slot": "slot.armor.chest"
			},
			"minecraft:creative_category": {
				"parent": "itemGroup.name.chestplate"
			},
			"minecraft:repairable": {
				"repair_items": [
					{
						"items": [
							"complementary:steel_chestplate"
						],
						"repair_amount": "context.other->query.remaining_durability+0.12*context.other->query.max_durability"
					},
					{
						"items": [
							"complementary:ruby"
						],
						"repair_amount": "query.max_durability*0.5"
					},
					{
						"items": [
							"complementary:steel_ingot"
						],
						"repair_amount": "query.max_durability*0.25"
					}
				]
			}
		}
	}
}