{
	"format_version": "1.16.100",
	"minecraft:item": {
		"description": {
			"identifier": "complementary:ancient_claymore",
			"category": "equipment"
		},
		"components": {
			"minecraft:can_destroy_in_creative": false,
			"minecraft:durability": {
				"max_durability": 3052
			},
			"minecraft:damage": 16,
			"minecraft:digger": {
				"use_efficiency": true,
				"destroy_speeds": [
					{
						"block": "minecraft:web",
						"on_dig": {
							"event": "on_tool_used",
							"target": "self"
						},
						"speed": 15
					},
					{
						"block": "minecraft:bamboo",
						"on_dig": {
							"event": "on_tool_used",
							"target": "self"
						},
						"speed": 60
					}
				]
			},
			"minecraft:hand_equipped": true,
			"minecraft:icon": {
				"texture": "complementary_ancient_claymore"
			},
			"minecraft:max_stack_size": 1,
			"minecraft:repairable": {
				"repair_items": [
					{
						"items": [
							"complementary:ruby"
						],
						"repair_amount": "query.max_durability*0.5"
					},
					{
						"items": [
							"complementary:ancient_claymore"
						],
						"repair_amount": "context.other->query.remaining_durability+0.12*context.other->query.max_durability"
					}
				]
			},
			"minecraft:weapon": {
				"on_hurt_entity": {
					"event": "damaged",
					"target": "self"
				}
			},
			"tag:minecraft:is_sword": {},
			"tag:minecraft:is_tool": {}
		},
		"events": {
			"damaged": {
				"damage": {
					"type": "durability",
					"amount": 1,
					"target": "self"
				}
			},
			"on_tool_used": {
				"damage": {
					"type": "durability",
					"amount": 2,
					"target": "self"
				}
			}
		}
	}
}