{
	"format_version": "1.17.0",
	"minecraft:item": {
		"description": {
			"identifier": "complementary:pickaxe_fragments",
			"category": "items"
		},
		"components": {
			"minecraft:icon": {
				"texture": "complementary_pickaxe_fragments"
			},
			"minecraft:creative_category": {
				"parent": "itemGroup.name.archeology.toolFragments"
			},
			"minecraft:digger": {
				"use_efficiency": true,
				"destroy_speeds": [
					{
						"block": "web",
						"speed": 0
					}
				]
			},
			"minecraft:durability": {},
			"minecraft:hand_equipped": true,
			"minecraft:max_stack_size": 1,
			"tag:minecraft:transformable_items": {}
		}
	}
}