{
	"format_version": "1.16.100",
	"minecraft:item": {
		"description": {
			"identifier": "complementary:weather_gadget",
			"category": "items"
		},
		"events": {
			"complementary:thunderstorm": {
				"swing": {},
				"run_command": {
					"command": [
						"weather thunder",
						"xp -2L @p"
					]
				}
			}
		},
		"components": {
			"minecraft:creative_category": {
				"parent": "itemGroup.name.archeology.artifacts"
			},
			"minecraft:icon": {
				"texture": "complementary_weather_gadget"
			},
			"minecraft:max_stack_size": 1,
			"minecraft:on_use": {
				"on_use": {
					"condition": "query.player_level>1.99",
					"event": "complementary:thunderstorm"
				}
			}
		}
	}
}