{
	"format_version": "1.12.0",
	"minecraft:geometry": [
		{
			"description": {
				"identifier": "geometry.candle_holder_v2",
				"texture_width": 32,
				"texture_height": 32,
				"visible_bounds_width": 2,
				"visible_bounds_height": 2.5,
				"visible_bounds_offset": [
					0,
					0.75,
					0
				]
			},
			"bones": [
				{
					"name": "root",
					"pivot": [
						0,
						0,
						0
					]
				},
				{
					"name": "body",
					"parent": "root",
					"pivot": [
						0,
						0,
						0
					],
					"cubes": [
						{
							"origin": [
								-3,
								0,
								-3
							],
							"size": [
								6,
								1,
								6
							],
							"uv": {
								"north": {
									"uv": [
										6,
										6
									],
									"uv_size": [
										6,
										1
									],
									"material_instance": "body"
								},
								"east": {
									"uv": [
										0,
										6
									],
									"uv_size": [
										6,
										1
									],
									"material_instance": "body"
								},
								"south": {
									"uv": [
										18,
										6
									],
									"uv_size": [
										6,
										1
									],
									"material_instance": "body"
								},
								"west": {
									"uv": [
										12,
										6
									],
									"uv_size": [
										6,
										1
									],
									"material_instance": "body"
								},
								"up": {
									"uv": [
										6,
										0
									],
									"uv_size": [
										6,
										6
									],
									"material_instance": "body"
								},
								"down": {
									"uv": [
										12,
										6
									],
									"uv_size": [
										6,
										-6
									],
									"material_instance": "body"
								}
							}
						},
						{
							"origin": [
								-1,
								1,
								-1
							],
							"size": [
								2,
								2,
								2
							],
							"uv": {
								"north": {
									"uv": [
										2,
										14
									],
									"uv_size": [
										2,
										2
									],
									"material_instance": "body"
								},
								"east": {
									"uv": [
										0,
										14
									],
									"uv_size": [
										2,
										2
									],
									"material_instance": "body"
								},
								"south": {
									"uv": [
										6,
										14
									],
									"uv_size": [
										2,
										2
									],
									"material_instance": "body"
								},
								"west": {
									"uv": [
										4,
										14
									],
									"uv_size": [
										2,
										2
									],
									"material_instance": "body"
								},
								"up": {
									"uv": [
										2,
										12
									],
									"uv_size": [
										2,
										2
									],
									"material_instance": "body"
								},
								"down": {
									"uv": [
										4,
										14
									],
									"uv_size": [
										2,
										-2
									],
									"material_instance": "body"
								}
							}
						},
						{
							"origin": [
								-2,
								3,
								-2
							],
							"size": [
								4,
								1,
								4
							],
							"uv": {
								"north": {
									"uv": [
										4,
										11
									],
									"uv_size": [
										4,
										1
									],
									"material_instance": "body"
								},
								"east": {
									"uv": [
										0,
										11
									],
									"uv_size": [
										4,
										1
									],
									"material_instance": "body"
								},
								"south": {
									"uv": [
										12,
										11
									],
									"uv_size": [
										4,
										1
									],
									"material_instance": "body"
								},
								"west": {
									"uv": [
										8,
										11
									],
									"uv_size": [
										4,
										1
									],
									"material_instance": "body"
								},
								"up": {
									"uv": [
										4,
										7
									],
									"uv_size": [
										4,
										4
									],
									"material_instance": "body"
								},
								"down": {
									"uv": [
										8,
										11
									],
									"uv_size": [
										4,
										-4
									],
									"material_instance": "body"
								}
							}
						},
						{
							"origin": [
								0,
								0,
								3
							],
							"size": [
								0,
								3,
								3
							],
							"uv": {
								"north": {
									"uv": [
										3,
										3
									],
									"uv_size": [
										0,
										3
									],
									"material_instance": "body"
								},
								"east": {
									"uv": [
										0,
										3
									],
									"uv_size": [
										3,
										3
									],
									"material_instance": "body"
								},
								"south": {
									"uv": [
										6,
										3
									],
									"uv_size": [
										0,
										3
									],
									"material_instance": "body"
								},
								"west": {
									"uv": [
										3,
										3
									],
									"uv_size": [
										3,
										3
									],
									"material_instance": "body"
								},
								"up": {
									"uv": [
										3,
										0
									],
									"uv_size": [
										0,
										3
									],
									"material_instance": "body"
								},
								"down": {
									"uv": [
										3,
										3
									],
									"uv_size": [
										0,
										-3
									],
									"material_instance": "body"
								}
							}
						}
					]
				},
				{
					"name": "candle",
					"parent": "root",
					"pivot": [
						0,
						1,
						0
					],
					"cubes": [
						{
							"origin": [
								-1,
								4,
								-1
							],
							"size": [
								2,
								6,
								2
							],
							"uv": {
								"north": {
									"uv": [
										0,
										16
									],
									"uv_size": [
										4,
										10
									],
									"material_instance": "candle"
								},
								"east": {
									"uv": [
										0,
										16
									],
									"uv_size": [
										4,
										10
									],
									"material_instance": "candle"
								},
								"south": {
									"uv": [
										0,
										16
									],
									"uv_size": [
										4,
										10
									],
									"material_instance": "candle"
								},
								"west": {
									"uv": [
										0,
										16
									],
									"uv_size": [
										4,
										10
									],
									"material_instance": "candle"
								},
								"up": {
									"uv": [
										0,
										12
									],
									"uv_size": [
										4,
										4
									],
									"material_instance": "candle"
								},
								"down": {
									"uv": [
										0,
										32
									],
									"uv_size": [
										4,
										-4
									],
									"material_instance": "candle"
								}
							}
						},
						{
							"origin": [
								-0.5,
								10,
								0
							],
							"size": [
								1,
								1,
								0
							],
							"pivot": [
								0,
								9,
								0
							],
							"rotation": [
								0,
								-45,
								0
							],
							"uv": {
								"north": {
									"uv": [
										0,
										12
									],
									"uv_size": [
										2,
										-2
									],
									"material_instance": "candle"
								},
								"east": {
									"uv": [
										0,
										0.0625
									],
									"uv_size": [
										0,
										1
									],
									"material_instance": "candle"
								},
								"south": {
									"uv": [
										0,
										12
									],
									"uv_size": [
										2,
										-2
									],
									"material_instance": "candle"
								},
								"west": {
									"uv": [
										1,
										0.0625
									],
									"uv_size": [
										0,
										1
									],
									"material_instance": "candle"
								},
								"up": {
									"uv": [
										0,
										0.0625
									],
									"uv_size": [
										1,
										0
									],
									"material_instance": "candle"
								},
								"down": {
									"uv": [
										1,
										0.0625
									],
									"uv_size": [
										1,
										0
									],
									"material_instance": "candle"
								}
							}
						},
						{
							"origin": [
								-0.5,
								10,
								0
							],
							"size": [
								1,
								1,
								0
							],
							"pivot": [
								0,
								9,
								0
							],
							"rotation": [
								0,
								45,
								0
							],
							"uv": {
								"north": {
									"uv": [
										0,
										12
									],
									"uv_size": [
										2,
										-2
									],
									"material_instance": "candle"
								},
								"east": {
									"uv": [
										2,
										2
									],
									"uv_size": [
										0,
										1
									],
									"material_instance": "candle"
								},
								"south": {
									"uv": [
										0,
										12
									],
									"uv_size": [
										2,
										-2
									],
									"material_instance": "candle"
								},
								"west": {
									"uv": [
										1,
										0
									],
									"uv_size": [
										0,
										1
									],
									"material_instance": "candle"
								},
								"up": {
									"uv": [
										0,
										0
									],
									"uv_size": [
										1,
										0
									],
									"material_instance": "candle"
								},
								"down": {
									"uv": [
										1,
										0
									],
									"uv_size": [
										1,
										0
									],
									"material_instance": "candle"
								}
							}
						}
					]
				}
			]
		}
	]
}