{
	"format_version": "1.12.0",
	"minecraft:geometry": [
		{
			"description": {
				"identifier": "geometry.hookplant",
				"texture_width": 16,
				"texture_height": 16,
				"visible_bounds_width": 3,
				"visible_bounds_height": 3.5,
				"visible_bounds_offset": [
					0,
					1.25,
					0
				]
			},
			"bones": [
				{
					"name": "bb_main",
					"pivot": [
						0,
						0,
						0
					],
					"cubes": [
						{
							"origin": [
								0,
								-1,
								-15
							],
							"size": [
								0,
								30,
								30
							],
							"pivot": [
								0,
								0,
								0
							],
							"rotation": [
								0,
								45,
								0
							],
							"uv": {
								"north": {
									"uv": [
										0,
										0
									],
									"uv_size": [
										0,
										16
									]
								},
								"east": {
									"uv": [
										0,
										0
									],
									"uv_size": [
										16,
										16
									]
								},
								"south": {
									"uv": [
										0,
										0
									],
									"uv_size": [
										0,
										16
									]
								},
								"west": {
									"uv": [
										0,
										0
									],
									"uv_size": [
										0,
										16
									]
								},
								"up": {
									"uv": [
										0,
										16
									],
									"uv_size": [
										0,
										-16
									]
								},
								"down": {
									"uv": [
										0,
										16
									],
									"uv_size": [
										0,
										-16
									]
								}
							}
						},
						{
							"origin": [
								0,
								-1,
								-15
							],
							"size": [
								0,
								30,
								30
							],
							"pivot": [
								0,
								0,
								0
							],
							"rotation": [
								0,
								-45,
								0
							],
							"uv": {
								"north": {
									"uv": [
										0,
										0
									],
									"uv_size": [
										0,
										16
									]
								},
								"east": {
									"uv": [
										0,
										0
									],
									"uv_size": [
										16,
										16
									]
								},
								"south": {
									"uv": [
										0,
										0
									],
									"uv_size": [
										0,
										16
									]
								},
								"west": {
									"uv": [
										0,
										0
									],
									"uv_size": [
										0,
										16
									]
								},
								"up": {
									"uv": [
										0,
										16
									],
									"uv_size": [
										0,
										-16
									]
								},
								"down": {
									"uv": [
										0,
										16
									],
									"uv_size": [
										0,
										-16
									]
								}
							}
						}
					]
				}
			]
		}
	]
}