{
	"format_version": "1.12.0",
	"minecraft:geometry": [
		{
			"description": {
				"identifier": "geometry.sack_open",
				"texture_width": 16,
				"texture_height": 16,
				"visible_bounds_width": 2,
				"visible_bounds_height": 2.5,
				"visible_bounds_offset": [
					0,
					0.75,
					0
				]
			},
			"bones": [
				{
					"name": "bb_main",
					"pivot": [
						0,
						0,
						0
					],
					"cubes": [
						{
							"origin": [
								-6,
								0,
								-6
							],
							"size": [
								12,
								12,
								12
							],
							"uv": {
								"north": {
									"uv": [
										2,
										4
									],
									"uv_size": [
										12,
										12
									]
								},
								"east": {
									"uv": [
										2,
										4
									],
									"uv_size": [
										12,
										12
									]
								},
								"south": {
									"uv": [
										2,
										4
									],
									"uv_size": [
										12,
										12
									]
								},
								"west": {
									"uv": [
										2,
										4
									],
									"uv_size": [
										12,
										12
									]
								},
								"up": {
									"uv": [
										14,
										14
									],
									"uv_size": [
										-12,
										-12
									]
								},
								"down": {
									"uv": [
										14,
										14
									],
									"uv_size": [
										-12,
										-12
									]
								}
							}
						},
						{
							"origin": [
								-4,
								12,
								-4
							],
							"size": [
								8,
								1,
								8
							],
							"uv": {
								"north": {
									"uv": [
										4,
										3
									],
									"uv_size": [
										8,
										1
									]
								},
								"east": {
									"uv": [
										4,
										3
									],
									"uv_size": [
										8,
										1
									]
								},
								"south": {
									"uv": [
										4,
										3
									],
									"uv_size": [
										8,
										1
									]
								},
								"west": {
									"uv": [
										4,
										3
									],
									"uv_size": [
										8,
										1
									]
								},
								"up": {
									"uv": [
										0,
										0
									],
									"uv_size": [
										0,
										0
									]
								},
								"down": {
									"uv": [
										0,
										0
									],
									"uv_size": [
										0,
										0
									]
								}
							}
						},
						{
							"origin": [
								-5,
								13,
								-5
							],
							"size": [
								10,
								2,
								10
							],
							"uv": {
								"north": {
									"uv": [
										3,
										1
									],
									"uv_size": [
										10,
										2
									]
								},
								"east": {
									"uv": [
										3,
										1
									],
									"uv_size": [
										10,
										2
									]
								},
								"south": {
									"uv": [
										3,
										1
									],
									"uv_size": [
										10,
										2
									]
								},
								"west": {
									"uv": [
										3,
										1
									],
									"uv_size": [
										10,
										2
									]
								},
								"up": {
									"uv": [
										13,
										13
									],
									"uv_size": [
										-10,
										-10
									]
								},
								"down": {
									"uv": [
										11,
										11
									],
									"uv_size": [
										-6,
										-6
									]
								}
							}
						}
					]
				}
			]
		}
	]
}