{
	"format_version": "1.12.0",
	"minecraft:geometry": [
		{
			"description": {
				"identifier": "geometry.sack",
				"texture_width": 16,
				"texture_height": 16,
				"visible_bounds_width": 2,
				"visible_bounds_height": 2.5,
				"visible_bounds_offset": [
					0,
					0.75,
					0
				]
			},
			"bones": [
				{
					"name": "bb_main",
					"pivot": [
						0,
						0,
						0
					],
					"cubes": [
						{
							"origin": [
								-6,
								0,
								-6
							],
							"size": [
								12,
								12,
								12
							],
							"uv": {
								"north": {
									"uv": [
										2,
										4
									],
									"uv_size": [
										12,
										12
									]
								},
								"east": {
									"uv": [
										2,
										4
									],
									"uv_size": [
										12,
										12
									]
								},
								"south": {
									"uv": [
										2,
										4
									],
									"uv_size": [
										12,
										12
									]
								},
								"west": {
									"uv": [
										2,
										4
									],
									"uv_size": [
										12,
										12
									]
								},
								"up": {
									"uv": [
										14,
										14
									],
									"uv_size": [
										-12,
										-12
									]
								},
								"down": {
									"uv": [
										14,
										14
									],
									"uv_size": [
										-12,
										-12
									]
								}
							}
						},
						{
							"origin": [
								-2,
								12,
								-2
							],
							"size": [
								4,
								1,
								4
							],
							"uv": {
								"north": {
									"uv": [
										6,
										3
									],
									"uv_size": [
										4,
										1
									]
								},
								"east": {
									"uv": [
										6,
										3
									],
									"uv_size": [
										4,
										1
									]
								},
								"south": {
									"uv": [
										6,
										3
									],
									"uv_size": [
										4,
										1
									]
								},
								"west": {
									"uv": [
										6,
										3
									],
									"uv_size": [
										4,
										1
									]
								},
								"up": {
									"uv": [
										0,
										0
									],
									"uv_size": [
										0,
										0
									]
								},
								"down": {
									"uv": [
										0,
										0
									],
									"uv_size": [
										0,
										0
									]
								}
							}
						},
						{
							"origin": [
								-3,
								13,
								-3
							],
							"size": [
								6,
								3,
								6
							],
							"uv": {
								"north": {
									"uv": [
										5,
										0
									],
									"uv_size": [
										6,
										3
									]
								},
								"east": {
									"uv": [
										5,
										0
									],
									"uv_size": [
										6,
										3
									]
								},
								"south": {
									"uv": [
										5,
										0
									],
									"uv_size": [
										6,
										3
									]
								},
								"west": {
									"uv": [
										5,
										0
									],
									"uv_size": [
										6,
										3
									]
								},
								"up": {
									"uv": [
										11,
										11
									],
									"uv_size": [
										-6,
										-6
									]
								},
								"down": {
									"uv": [
										11,
										11
									],
									"uv_size": [
										-6,
										-6
									]
								}
							}
						}
					]
				}
			]
		}
	]
}