{
	"format_version": "1.12.0",
	"minecraft:geometry": [
		{
			"description": {
				"identifier": "geometry.table",
				"texture_width": 64,
				"texture_height": 64,
				"visible_bounds_width": 2,
				"visible_bounds_height": 2.5,
				"visible_bounds_offset": [
					0,
					0.75,
					0
				]
			},
			"bones": [
				{
					"name": "bb_main",
					"pivot": [
						0,
						0,
						0
					],
					"cubes": [
						{
							"origin": [
								-4,
								13,
								-3
							],
							"size": [
								6,
								2,
								8
							],
							"pivot": [
								0,
								0,
								0
							],
							"rotation": [
								0,
								12.5,
								0
							],
							"uv": [
								0,
								29
							]
						}
					]
				},
				{
					"name": "table",
					"pivot": [
						0,
						0,
						0
					],
					"cubes": [
						{
							"origin": [
								-8,
								0,
								-8
							],
							"size": [
								16,
								13,
								16
							],
							"uv": [
								0,
								0
							]
						}
					]
				},
				{
					"name": "candle",
					"pivot": [
						5,
						13,
						-4
					],
					"cubes": [
						{
							"origin": [
								4,
								13,
								-5
							],
							"size": [
								2,
								2,
								2
							],
							"uv": [
								0,
								0
							]
						},
						{
							"origin": [
								4.5,
								15,
								-4
							],
							"size": [
								1,
								1,
								0
							],
							"uv": [
								0,
								1
							]
						},
						{
							"origin": [
								4.5,
								15,
								-4
							],
							"size": [
								1,
								1,
								0
							],
							"pivot": [
								5,
								15,
								-4
							],
							"rotation": [
								0,
								90,
								0
							],
							"uv": [
								0,
								0
							]
						}
					]
				},
				{
					"name": "candle2",
					"pivot": [
						4,
						13,
						-1
					],
					"cubes": [
						{
							"origin": [
								3,
								13,
								-2
							],
							"size": [
								2,
								1,
								2
							],
							"uv": [
								0,
								0
							]
						},
						{
							"origin": [
								3.5,
								14,
								-1
							],
							"size": [
								1,
								1,
								0
							],
							"uv": [
								0,
								1
							]
						},
						{
							"origin": [
								3.5,
								14,
								-1
							],
							"size": [
								1,
								1,
								0
							],
							"pivot": [
								4,
								14,
								-1
							],
							"rotation": [
								0,
								90,
								0
							],
							"uv": [
								0,
								0
							]
						}
					]
				}
			]
		}
	]
}