{
	"format_version": "1.12.0",
	"minecraft:geometry": [
		{
			"description": {
				"identifier": "geometry.vase_1",
				"texture_width": 16,
				"texture_height": 16,
				"visible_bounds_width": 2,
				"visible_bounds_height": 2.5,
				"visible_bounds_offset": [
					0,
					0.75,
					0
				]
			},
			"bones": [
				{
					"name": "bb_main",
					"pivot": [
						0,
						0,
						0
					],
					"cubes": [
						{
							"origin": [
								-4,
								0,
								-4
							],
							"size": [
								8,
								10,
								8
							],
							"uv": {
								"north": {
									"uv": [
										4,
										6
									],
									"uv_size": [
										8,
										10
									]
								},
								"east": {
									"uv": [
										4,
										6
									],
									"uv_size": [
										8,
										10
									]
								},
								"south": {
									"uv": [
										4,
										6
									],
									"uv_size": [
										8,
										10
									]
								},
								"west": {
									"uv": [
										4,
										6
									],
									"uv_size": [
										8,
										10
									]
								},
								"up": {
									"uv": [
										4,
										4
									],
									"uv_size": [
										8,
										8
									]
								},
								"down": {
									"uv": [
										4,
										12
									],
									"uv_size": [
										8,
										-8
									]
								}
							}
						},
						{
							"origin": [
								-4.1,
								0,
								-4.1
							],
							"size": [
								8.2,
								10,
								8.2
							],
							"uv": {
								"north": {
									"uv": [
										4,
										6
									],
									"uv_size": [
										8,
										10
									],
									"material_instance": "decal"
								},
								"east": {
									"uv": [
										4,
										6
									],
									"uv_size": [
										8,
										10
									],
									"material_instance": "decal"
								},
								"south": {
									"uv": [
										4,
										6
									],
									"uv_size": [
										8,
										10
									],
									"material_instance": "decal"
								},
								"west": {
									"uv": [
										4,
										6
									],
									"uv_size": [
										8,
										10
									],
									"material_instance": "decal"
								},
								"up": {
									"uv": [
										16,
										16
									],
									"uv_size": [
										0,
										0
									],
									"material_instance": "decal"
								},
								"down": {
									"uv": [
										16,
										16
									],
									"uv_size": [
										0,
										0
									],
									"material_instance": "decal"
								}
							}
						},
						{
							"origin": [
								-2,
								10,
								-2
							],
							"size": [
								4,
								1,
								4
							],
							"uv": {
								"north": {
									"uv": [
										6,
										5
									],
									"uv_size": [
										4,
										1
									]
								},
								"east": {
									"uv": [
										6,
										5
									],
									"uv_size": [
										4,
										1
									]
								},
								"south": {
									"uv": [
										6,
										5
									],
									"uv_size": [
										4,
										1
									]
								},
								"west": {
									"uv": [
										6,
										5
									],
									"uv_size": [
										4,
										1
									]
								},
								"up": {
									"uv": [
										1,
										1
									],
									"uv_size": [
										2,
										2
									]
								},
								"down": {
									"uv": [
										1,
										13.5
									],
									"uv_size": [
										2,
										-2
									]
								}
							}
						},
						{
							"origin": [
								-3,
								11,
								-3
							],
							"size": [
								6,
								2,
								6
							],
							"uv": {
								"north": {
									"uv": [
										5,
										3
									],
									"uv_size": [
										6,
										2
									]
								},
								"east": {
									"uv": [
										5,
										3
									],
									"uv_size": [
										6,
										2
									]
								},
								"south": {
									"uv": [
										5,
										3
									],
									"uv_size": [
										6,
										2
									]
								},
								"west": {
									"uv": [
										5,
										3
									],
									"uv_size": [
										6,
										2
									]
								},
								"up": {
									"uv": [
										5,
										5
									],
									"uv_size": [
										6,
										6
									]
								},
								"down": {
									"uv": [
										5,
										11
									],
									"uv_size": [
										6,
										-6
									]
								}
							}
						}
					]
				}
			]
		}
	]
}