{
	"format_version": "1.20.30",
	"minecraft:block": {
		"description": {
			"identifier": "complementary:carrot_crop",
			"states": {
				"complementary:age": [
					0,
					1,
					2,
					3
				],
				"complementary:fertilizer_type": [
					0,
					1,
					2
				]
			}
		},
		"permutations": [
			{
				"condition": "query.block_state('complementary:fertilizer_type') == 0 && query.block_state('complementary:age') < 4",
				"components": {
					"minecraft:queued_ticking": {
						"interval_range": [
							1200,
							2400
						],
						"looping": true,
						"on_tick": {
							"event": "complementary:grow"
						}
					}
				}
			},
			{
				"condition": "query.block_state('complementary:fertilizer_type') == 1 && query.block_state('complementary:age') < 4",
				"components": {
					"minecraft:queued_ticking": {
						"interval_range": [
							600,
							1200
						],
						"looping": true,
						"on_tick": {
							"event": "complementary:grow"
						}
					}
				}
			},
			{
				"condition": "query.block_state('complementary:age') == 0",
				"components": {
					"minecraft:material_instances": {
						"*": {
							"texture": "complementary_carrot_0",
							"render_method": "alpha_test"
						}
					},
					"minecraft:loot": "loot_tables/blocks/carrot_crop_premature.json",
					"minecraft:selection_box": {
						"origin": [
							-8,
							0,
							-8
						],
						"size": [
							16,
							1,
							16
						]
					}
				}
			},
			{
				"condition": "query.block_state('complementary:age') == 1",
				"components": {
					"minecraft:material_instances": {
						"*": {
							"texture": "complementary_carrot_1",
							"render_method": "alpha_test"
						}
					},
					"minecraft:loot": "loot_tables/blocks/carrot_crop_premature.json",
					"minecraft:selection_box": {
						"origin": [
							-8,
							0,
							-8
						],
						"size": [
							16,
							3,
							16
						]
					}
				}
			},
			{
				"condition": "query.block_state('complementary:age') == 2",
				"components": {
					"minecraft:material_instances": {
						"*": {
							"texture": "complementary_carrot_2",
							"render_method": "alpha_test"
						}
					},
					"minecraft:loot": "loot_tables/blocks/carrot_crop_premature.json",
					"minecraft:selection_box": {
						"origin": [
							-8,
							0,
							-8
						],
						"size": [
							16,
							5,
							16
						]
					}
				}
			},
			{
				"condition": "query.block_state('complementary:age') == 3",
				"components": {
					"minecraft:material_instances": {
						"*": {
							"texture": "complementary_carrot_3",
							"render_method": "alpha_test"
						}
					},
					"minecraft:loot": "loot_tables/blocks/carrot_crop_premature.json",
					"minecraft:selection_box": {
						"origin": [
							-8,
							0,
							-8
						],
						"size": [
							16,
							7,
							16
						]
					},
					"minecraft:queued_ticking": {
						"interval_range": [
							0,
							0
						],
						"looping": false,
						"on_tick": {}
					},
					"minecraft:on_interact": {
						"event": "complementary:smart_harvest"
					}
				}
			}
		],
		"events": {
			"complementary:grow": {
				"set_block_state": {
					"complementary:age": "query.block_state('complementary:age') + 1"
				}
			},
			"complementary:fertilize": {
				"decrement_stack": {},
				"set_block_state": {
					"complementary:age": "q.block_state('complementary:age') + Math.random(1, 3 - q.block_state('complementary:age'))"
				},
				"run_command": {
					"command": [
						"particle minecraft:crop_growth_emitter ~~~",
						"playsound item.bone_meal.use @a ~~~"
					]
				}
			},
			"complementary:smart_harvest": {
				"run_command": {
					"command": [
						"setblock ~~~ complementary:carrot_crop destroy"
					]
				}
			},
			"complementary:check_for_fertilizer": {
				"sequence": [
					{
						"condition": "query.block_neighbor_has_any_tag(0,-1,0,'complementary:rapid_fertilizer')",
						"set_block_state": {
							"complementary:fertilizer_type": 1
						}
					}
				]
			}
		},
		"components": {
			"minecraft:geometry": "geometry.crop_checker_planter_box",
			"minecraft:collision_box": false,
			"minecraft:on_interact": {
				"condition": "query.is_item_name_any('slot.weapon.mainhand',0,'minecraft:bone_meal')",
				"event": "complementary:fertilize"
			},
			"minecraft:on_placed": {
				"event": "complementary:check_for_fertilizer"
			},
			"minecraft:placement_filter": {
				"conditions": [
					{
						"block_filter": [
							"complementary:irrigated_crop_box"
						],
						"allowed_faces": [
							"up"
						]
					}
				]
			},
			"minecraft:material_instances": {
				"*": {
					"texture": "carrots",
					"render_method": "alpha_test"
				}
			}
		}
	}
}