{
	"format_version": "1.20.30",
	"minecraft:block": {
		"description": {
			"identifier": "complementary:irrigated_crop_box",
			"menu_category": {
				"category": "none"
			},
			"states": {
				"complementary:boosted": [
					0,
					1,
					2
				]
			}
		},
		"events": {
			"complementary:placed": {
				"run_command": {
					"command": [
						"playsound block.composter.ready @a ~~~",
						"playsound block.composter.fill @a ~~~"
					]
				}
			},
			"complementary:boost_removal": {
				"set_block_state": {
					"complementary:boosted": 0
				},
				"run_command": {
					"command": [
						"playsound random.break @a ~~~",
						"playsound block.composter.empty @a ~~~"
					]
				}
			},
			"complementary:interact_handler": {
				"sequence": [
					{
						"condition": "query.is_item_name_any('slot.weapon.mainhand',0,'complementary:rapid_fertilizer')",
						"set_block_state": {
							"complementary:boosted": 1
						},
						"run_command": {
							"command": [
								"playsound item.bone_meal.use @a ~~~",
								"particle complementary:rapid_fertilizer_emitter ~~~"
							]
						},
						"decrement_stack": {}
					},
					{
						"condition": "query.is_item_name_any('slot.weapon.mainhand',0,'minecraft:wheat_seeds')&&query.block_state('complementary:boosted')==0",
						"run_command": {
							"command": [
								"setblock ~~1~ complementary:wheat_crop destroy",
								"playsound dig.grass @a ~~~",
								"playsound crop.place.inbox @a ~~~ 1 0.8"
							]
						},
						"decrement_stack": {}
					},
					{
						"condition": "query.is_item_name_any('slot.weapon.mainhand',0,'minecraft:wheat_seeds')&&query.block_state('complementary:boosted')==1",
						"run_command": {
							"command": [
								"setblock ~~1~ complementary:wheat_crop destroy",
								"playsound dig.grass @a ~~~",
								"playsound crop.place.inbox @a ~~~ 1 0.8"
							]
						},
						"decrement_stack": {}
					},
					{
						"condition": "query.is_item_name_any('slot.weapon.mainhand',0,'minecraft:carrot')&&query.block_state('complementary:boosted')==0",
						"run_command": {
							"command": [
								"setblock ~~1~ complementary:carrot_crop destroy",
								"playsound dig.grass @a ~~~",
								"playsound crop.place.inbox @a ~~~ 1 0.8"
							]
						},
						"decrement_stack": {}
					},
					{
						"condition": "query.is_item_name_any('slot.weapon.mainhand',0,'minecraft:carrot')&&query.block_state('complementary:boosted')==1",
						"run_command": {
							"command": [
								"setblock ~~1~ complementary:carrot_crop destroy",
								"playsound dig.grass @a ~~~",
								"playsound crop.place.inbox @a ~~~ 1 0.8"
							]
						},
						"decrement_stack": {}
					},
					{
						"condition": "query.is_item_name_any('slot.weapon.mainhand',0,'minecraft:potato')&&query.block_state('complementary:boosted')==0",
						"run_command": {
							"command": [
								"setblock ~~1~ complementary:potato_crop destroy",
								"playsound dig.grass @a ~~~",
								"playsound crop.place.inbox @a ~~~ 1 0.8"
							]
						},
						"decrement_stack": {}
					},
					{
						"condition": "query.is_item_name_any('slot.weapon.mainhand',0,'minecraft:potato')&&query.block_state('complementary:boosted')==1",
						"run_command": {
							"command": [
								"setblock ~~1~ complementary:potato_crop destroy",
								"playsound dig.grass @a ~~~",
								"playsound crop.place.inbox @a ~~~ 1 0.8"
							]
						},
						"decrement_stack": {}
					}
				]
			}
		},
		"components": {
			"tag:complementary:crop_box": {},
			"minecraft:on_interact": {
				"event": "complementary:interact_handler"
			},
			"minecraft:geometry": "geometry.crop_box",
			"minecraft:material_instances": {
				"farmland": {
					"texture": "complementary_farmland_wet",
					"render_method": "alpha_test"
				},
				"down": {
					"texture": "complementary_planter_box_bottom",
					"render_method": "alpha_test"
				},
				"up": {
					"texture": "complementary_planter_box_top",
					"render_method": "alpha_test"
				},
				"*": {
					"texture": "complementary_planter_box_side_irrigated",
					"render_method": "alpha_test"
				}
			},
			"minecraft:collision_box": {
				"origin": [
					-8,
					0,
					-8
				],
				"size": [
					16,
					14,
					16
				]
			},
			"minecraft:loot": "loot_tables/blocks/crop_box.json",
			"minecraft:destructible_by_mining": {
				"seconds_to_destroy": 3
			},
			"minecraft:destructible_by_explosion": {
				"explosion_resistance": 3
			},
			"tag:axeDiggable": {}
		},
		"permutations": [
			{
				"condition": "query.block_state('complementary:boosted') == 1",
				"components": {
					"tag:complementary:rapid_fertilizer": {},
					"minecraft:queued_ticking": {
						"interval_range": [
							120000,
							120000
						],
						"looping": true,
						"on_tick": {
							"event": "complementary:boost_removal"
						}
					}
				}
			}
		]
	}
}