{
    "format_version": "1.13.0",
    "minecraft:feature_rules": {
        "description": {
            "identifier": "complementary:overworld_underground_deepslate_ruby_ore",
            "places_feature": "complementary:deepslate_ruby_ore_feature"
        },
        "conditions": {
            "placement_pass": "underground_pass",
            "minecraft:biome_filter": [
                {
                    "any_of": [
                        {
                            "test": "has_biome_tag",
                            "operator": "==",
                            "value": "overworld"
                        },
                        {
                            "test": "has_biome_tag",
                            "operator": "==",
                            "value": "overworld_generation"
                        }
                    ]
                }
            ]
        },
        "distribution": {
            "iterations": 10,
            "coordinate_eval_order": "zyx",
            "x": {
                "distribution": "uniform",
                "extent": [
                    0,
                    16
                ]
            },
            "y": {
                "distribution": "triangle",
                "extent": [
                    -64,
                    0
                ]
            },
            "z": {
                "distribution": "uniform",
                "extent": [
                    0,
                    16
                ]
            },
            "scatter_chance": {
                "numerator": 1,
                "denominator": 10
            }
        }
    }
}