{
	"format_version": "1.20.50",
	"minecraft:item": {
		"description": {
			"identifier": "complementary:rune_arcane",
			"menu_category": {
				"category": "items",
				"group": "itemGroup.name.wizardry.runes"
			}
		},
		"components": {
			"minecraft:tags": {
				"tags": [
					"complementary:magic_runes",
					"complementary:arcane_school"
				]
			},
			"minecraft:icon": "complementary_rune_arcane",
			"minecraft:display_name": {
				"value": "item.complementary:magic_rune.name"
			}
		}
	}
}