{
	"format_version": "1.16.100",
	"minecraft:item": {
		"description": {
			"identifier": "complementary:aroma_flower_item",
			"category": "nature"
		},
		"components": {
			"minecraft:creative_category": {
				"parent": "itemGroup.name.flower"
			},
			"minecraft:icon": {
				"texture": "complementary_aroma_flower_item"
			},
			"minecraft:block_placer": {
				"use_on": [
					"grass",
					"podzol",
					"dirt_with_roots",
					"dirt",
					"farmland",
					"moss_block"
				],
				"block": "complementary:aroma_flower"
			}
		}
	}
}