{
	"format_version": "1.20.50",
	"minecraft:item": {
		"description": {
			"identifier": "complementary:savory_stem",
			"menu_category": {
				"category": "nature",
				"group": "itemGroup.name.crop"
			}
		},
		"components": {
			"minecraft:tags": {
				"tags": [
					"minecraft:is_food"
				]
			},
			"minecraft:icon": "complementary_savory_stem",
			"minecraft:food": {
				"nutrition": 5,
				"saturation_modifier": 0.75
			},
			"minecraft:hand_equipped": true,
			"minecraft:use_modifiers": {
				"use_duration": 1,
				"movement_modifier": 0.25
			},
			"minecraft:use_animation": "eat"
		}
	}
}