{
	"format_version": "1.20.30",
	"minecraft:block": {
		"description": {
			"identifier": "complementary:hook_crop",
			"menu_category": {
				"category": "none"
			},
			"states": {
				"complementary:age": [
					0,
					1,
					2
				]
			}
		},
		"events": {
			"complementary:destroy": {
				"die": {}
			},
			"complementary:grow": {
				"set_block_state": {
					"complementary:age": "q.block_state('complementary:age') + 1"
				}
			},
			"complementary:fertilize": {
				"decrement_stack": {},
				"set_block_state": {
					"complementary:age": "q.block_state('complementary:age') + Math.random(1, 2 - q.block_state('complementary:age'))"
				},
				"run_command": {
					"command": [
						"particle minecraft:crop_growth_emitter ~~~",
						"playsound item.bone_meal.use @a ~~~"
					]
				}
			}
		},
		"components": {
			"minecraft:flammable": true,
			"minecraft:collision_box": false,
			"minecraft:geometry": "geometry.hookplant",
			"minecraft:light_dampening": 0,
			"minecraft:placement_filter": {
				"conditions": [
					{
						"allowed_faces": [
							"up"
						],
						"block_filter": [
							"farmland"
						]
					}
				]
			},
			"minecraft:loot": "loot_tables/blocks/hook_crop_premature.json",
			"minecraft:queued_ticking": {
				"interval_range": [
					1200,
					2400
				],
				"looping": true,
				"on_tick": {
					"event": "complementary:grow",
					"condition": "query.block_state('complementary:age')<3"
				}
			},
			"minecraft:on_interact": {
				"event": "complementary:fertilize",
				"condition": "q.is_item_name_any('slot.weapon.mainhand','minecraft:bone_meal')&&q.block_state('complementary:age')<2"
			}
		},
		"permutations": [
			{
				"condition": "q.block_state('complementary:age') == 0",
				"components": {
					"minecraft:material_instances": {
						"*": {
							"texture": "complementary_hook_crop_stage_1",
							"render_method": "alpha_test",
							"face_dimming": false,
							"ambient_occlusion": false
						}
					},
					"minecraft:selection_box": {
						"origin": [
							-3,
							0,
							-3
						],
						"size": [
							6,
							6,
							6
						]
					}
				}
			},
			{
				"condition": "q.block_state('complementary:age') == 1",
				"components": {
					"minecraft:material_instances": {
						"*": {
							"texture": "complementary_hook_crop_stage_2",
							"render_method": "alpha_test",
							"face_dimming": false,
							"ambient_occlusion": false
						}
					},
					"minecraft:selection_box": {
						"origin": [
							-3,
							0,
							-3
						],
						"size": [
							6,
							8,
							6
						]
					}
				}
			},
			{
				"condition": "q.block_state('complementary:age') == 2",
				"components": {
					"minecraft:material_instances": {
						"*": {
							"texture": "complementary_hook_crop_stage_3",
							"render_method": "alpha_test",
							"face_dimming": false,
							"ambient_occlusion": false
						}
					},
					"minecraft:selection_box": {
						"origin": [
							-3,
							0,
							-3
						],
						"size": [
							6,
							8,
							6
						]
					},
					"minecraft:loot": "loot_tables/blocks/hook_crop_mature.json",
					"minecraft:queued_ticking": {
						"interval_range": [
							0,
							0
						],
						"looping": false,
						"on_tick": {}
					}
				}
			}
		]
	}
}