{
	"format_version": "1.10.0",
	"particle_effect": {
		"description": {
			"identifier": "complementary:muncher_eat_rabbit_stew",
			"basic_render_parameters": {
				"material": "particles_alpha",
				"texture": "textures/items/rabbit_stew"
			}
		},
		"components": {
			"minecraft:emitter_rate_instant": {
				"num_particles": 10
			},
			"minecraft:emitter_lifetime_looping": {
				"active_time": 1
			},
			"minecraft:emitter_shape_point": {
				"offset": [
					0,
					0,
					0
				]
			},
			"minecraft:particle_lifetime_expression": {
				"max_lifetime": "0.2/(math.random(0,1)*0.9+0.1)+1"
			},
			"minecraft:particle_initial_speed": "math.random(0,4)*1.5",
			"minecraft:particle_motion_dynamic": {
				"linear_acceleration": [
					0,
					-9.8,
					0
				],
				"linear_drag_coefficient": 0.5
			},
			"minecraft:particle_appearance_billboard": {
				"size": [
					0.05,
					0.05
				],
				"facing_camera_mode": "rotate_xyz",
				"uv": {
					"texture_width": 16,
					"texture_height": 16,
					"uv": [
						"math.round(variable.particle_random_2*16)",
						"math.round(variable.particle_random_2*16)"
					],
					"uv_size": [
						4,
						4
					]
				}
			},
			"minecraft:particle_motion_collision": {
				"collision_drag": 5,
				"coefficient_of_restitution": 0.1,
				"collision_radius": 0.1
			}
		}
	}
}