{
	"format_version": "1.10.0",
	"minecraft:client_entity": {
		"description": {
			"identifier": "complementary:fireball_spell_level_i",
			"materials": {
				"default": "fireball"
			},
			"textures": {
				"default": "textures/entity/fireball"
			},
			"geometry": {
				"default": "geometry.fireball"
			},
			"animations": {
				"face_player": "animation.actor.billboard"
			},
			"scripts": {
				"scale": "1.0",
				"animate": [
					"face_player"
				]
			},
			"render_controllers": [
				"controller.render.fireball"
			]
		}
	}
}