{
	"format_version": "1.12.0",
	"minecraft:geometry": [
		{
			"description": {
				"identifier": "geometry.creepy_grenade",
				"texture_width": 64,
				"texture_height": 64,
				"visible_bounds_width": 2,
				"visible_bounds_height": 2.5,
				"visible_bounds_offset": [
					0,
					0.75,
					0
				]
			},
			"bones": [
				{
					"name": "bb_main",
					"pivot": [
						0,
						0,
						0
					],
					"cubes": [
						{
							"origin": [
								-8,
								0,
								-8
							],
							"size": [
								16,
								16,
								16
							],
							"uv": [
								0,
								0
							]
						}
					]
				}
			]
		}
	]
}