{
	"format_version": "1.12.0",
	"minecraft:geometry": [
		{
			"description": {
				"identifier": "geometry.loot_balloon",
				"texture_width": 128,
				"texture_height": 128,
				"visible_bounds_width": 3,
				"visible_bounds_height": 4.5,
				"visible_bounds_offset": [
					0,
					1.75,
					0
				]
			},
			"bones": [
				{
					"name": "bb_main",
					"pivot": [
						0,
						0,
						0
					],
					"cubes": [
						{
							"origin": [
								-8,
								0,
								-8
							],
							"size": [
								16,
								16,
								16
							],
							"uv": [
								0,
								32
							]
						},
						{
							"origin": [
								-8,
								32,
								-8
							],
							"size": [
								16,
								16,
								16
							],
							"inflate": 5,
							"uv": [
								0,
								0
							]
						},
						{
							"origin": [
								-11,
								16,
								0
							],
							"size": [
								22,
								11,
								0
							],
							"pivot": [
								0,
								0,
								0
							],
							"rotation": [
								0,
								-45,
								0
							],
							"uv": [
								48,
								32
							]
						},
						{
							"origin": [
								-11,
								16,
								0
							],
							"size": [
								22,
								11,
								0
							],
							"pivot": [
								0,
								0,
								0
							],
							"rotation": [
								0,
								45,
								0
							],
							"uv": [
								48,
								32
							]
						}
					]
				}
			]
		}
	]
}