{
	"format_version": "1.20.20",
	"minecraft:item": {
		"description": {
			"identifier": "complementary:healing_aura_scroll_level_i",
			"menu_category": {
				"category": "equipment",
				"group": "itemGroup.name.wizardry.scrolls.essence.aura"
			}
		},
		"events": {
			"complementary:healing_aura": {
				"run_command": {
					"command": [
						"effect @e[r=3] instant_health 1 0 true",
						"playsound block.enchanting_table.use @a ~~~ 10",
						"particle complementary:essence_aura_1 ~~0.1~",
						"execute at @e[r=3] as @s run particle minecraft:heart_particle ~~1.5~",
						"playanimation @p animation.humanoid.wand.heal",
						"scoreboard players remove @p mana 150"
					]
				}
			}
		},
		"components": {
			"minecraft:icon": {
				"texture": "complementary_scroll_common"
			},
			"minecraft:display_name": {
				"value": "Spell Scroll\n§4Healing Aura§f\n§7Level I"
			},
			"minecraft:max_stack_size": 1,
			"minecraft:cooldown": {
				"duration": 10,
				"category": "essenceaura1"
			},
			"minecraft:on_use": {
				"on_use": {
					"condition": "(query.scoreboard('mana')>=150)",
					"event": "complementary:healing_aura"
				}
			}
		}
	}
}