{
	"format_version": "1.10.0",
	"minecraft:client_entity": {
		"description": {
			"identifier": "complementary:dynamite",
			"materials": {
				"default": "entity_alphatest"
			},
			"textures": {
				"default": "textures/entity/dynamite_stick"
			},
			"geometry": {
				"default": "geometry.item_sprite"
			},
			"render_controllers": [
				"controller.render.item_sprite"
			],
			"animations": {
				"flying": "animation.actor.billboard"
			},
			"scripts": {
				"animate": [
					"flying"
				]
			},
			"spawn_egg": {
				"base_color": "#000000",
				"overlay_color": "#FFFFFF"
			}
		}
	}
}