{
	"format_version": "1.10.0",
	"minecraft:client_entity": {
		"description": {
			"identifier": "complementary:loot_crate_entity",
			"materials": {
				"default": "entity_alphatest"
			},
			"textures": {
				"default": "textures/entity/loot_crate_entity"
			},
			"geometry": {
				"default": "geometry.block_entity"
			},
			"render_controllers": [
				"controller.render.loot_crate_entity"
			],
			"scripts": {
				"animate": [
					"death_controller"
				]
			},
			"spawn_egg": {
				"base_color": "#000000",
				"overlay_color": "#FFFFFF"
			}
		}
	}
}