{
	"format_version": "1.10.0",
	"minecraft:client_entity": {
		"description": {
			"identifier": "complementary:moobloom",
			"materials": {
				"default": "entity_alphatest"
			},
			"textures": {
				"default": "textures/entity/moobloom"
			},
			"geometry": {
				"default": "geometry.moobloom"
			},
			"animations": {
				"setup": "animation.cow.setup",
				"walk": "animation.quadruped.walk",
				"look_at_target": "animation.common.look_at_target",
				"baby_transform": "animation.cow.baby_transform"
			},
			"scripts": {
				"animate": [
					"setup",
					{
						"walk": "query.modified_move_speed"
					},
					"look_at_target",
					{
						"baby_transform": "query.is_baby"
					}
				]
			},
			"render_controllers": [
				"controller.render.cow"
			],
			"spawn_egg": {
				"base_color": "#FFFF00",
				"overlay_color": "#FFFFFF"
			}
		}
	}
}