{
	"format_version": "1.16.0",
	"minecraft:entity": {
		"description": {
			"identifier": "complementary:loot_balloon",
			"is_spawnable": false,
			"is_summonable": true,
			"is_experimental": false
		},
		"component_groups": {
			"complementary:crate_dropper": {
				"minecraft:transformation": {
					"into": "complementary:loot_crate_entity"
				},
				"minecraft:instant_despawn": {}
			},
			"complementary:levitator": {
				"minecraft:spell_effects": {
					"add_effects": {
						"effect": "levitation",
						"amplifier": 2,
						"duration": 5,
						"visible": false
					}
				},
				"minecraft:timer": {
					"time": [
						5,
						5
					],
					"time_down_event": {
						"event": "complementary:stop_rising"
					}
				}
			}
		},
		"events": {
			"complementary:death": {
				"add": {
					"component_groups": [
						"complementary:crate_dropper"
					]
				}
			},
			"complementary:stop_rising": {
				"remove": {
					"component_groups": [
						"complementary:levitator"
					]
				}
			}
		},
		"components": {
			"minecraft:default_look_angle": {
				"value": 0
			},
			"minecraft:type_family": {
				"family": [
					"loot_carrier"
				]
			},
			"minecraft:collision_box": {
				"width": 1.65,
				"height": 3.3
			},
			"minecraft:nameable": {},
			"minecraft:health": {
				"value": 1,
				"max": 1
			},
			"minecraft:on_death": {
				"event": "complementary:death"
			},
			"minecraft:hurt_on_condition": {
				"damage_conditions": [
					{
						"filters": {
							"test": "in_lava",
							"subject": "self",
							"operator": "==",
							"value": true
						},
						"cause": "lava",
						"damage_per_tick": 4
					}
				]
			},
			"minecraft:movement": {
				"value": 0.1
			},
			"minecraft:flying_speed": {
				"value": 0.1
			},
			"minecraft:navigation.hover": {
				"can_path_over_water": true,
				"can_sink": false,
				"can_pass_doors": false,
				"can_path_from_air": true,
				"avoid_water": true,
				"avoid_damage_blocks": true,
				"avoid_sun": false,
				"avoid_portals": true
			},
			"minecraft:movement.hover": {
				"max_turn": 0.1
			},
			"minecraft:follow_range": {
				"value": 1024
			},
			"minecraft:jump.static": {},
			"minecraft:can_fly": {},
			"minecraft:physics": {
				"has_gravity": false,
				"has_collision": true
			},
			"minecraft:pushable": {
				"is_pushable": true,
				"is_pushable_by_piston": true
			},
			"minecraft:behavior.float": {
				"priority": 0
			},
			"minecraft:behavior.random_hover": {
				"priority": 1,
				"xz_dist": 8,
				"y_dist": 16,
				"y_offset": 0,
				"interval": 1,
				"hover_height": [
					24,
					32
				],
				"speed_multiplier": 1.5
			}
		}
	}
}