{
	"format_version": "1.16.0",
	"minecraft:entity": {
		"description": {
			"identifier": "complementary:loot_crate_entity",
			"runtime_identifier": "falling_block",
			"is_spawnable": false,
			"is_summonable": true,
			"is_experimental": false
		},
		"component_groups": {
			"complementary:instant_despawn": {
				"minecraft:instant_despawn": {}
			}
		},
		"components": {
			"minecraft:physics": {
				"has_collision": true,
				"has_gravity": true
			},
			"minecraft:damage_sensor": {
				"triggers": {
					"deals_damage": false
				}
			},
			"minecraft:on_death": {
				"event": "complementary:die"
			}
		},
		"events": {
			"complementary:die": {
				"add": {
					"component_groups": [
						"complementary:instant_despawn"
					]
				}
			}
		}
	}
}