{
    "pools": [
        {
            "rolls": {
                "min": 2,
                "max": 8
            },
            "entries": [
                {
                    "type": "item",
                    "name": "minecraft:coal",
                    "weight": 20,
                    "functions": [
                        {
                            "function": "minecraft:set_count",
                            "count": {
                                "min": 1,
                                "max": 4
                            }
                        }
                    ]
                },
                {
                    "type": "item",
                    "name": "complementary:stone_axe",
                    "weight": 4
                },
                {
                    "type": "item",
                    "name": "minecraft:rotten_flesh",
                    "weight": 10
                },
                {
                    "type": "item",
                    "name": "minecraft:emerald",
                    "weight": 2
                },
                {
                    "type": "item",
                    "name": "minecraft:wheat",
                    "weight": 20,
                    "functions": [
                        {
                            "function": "minecraft:set_count",
                            "count": {
                                "min": 2,
                                "max": 3
                            }
                        }
                    ]
                }
            ]
        },
        {
            "rolls": 1,
            "entries": [
                {
                    "type": "item",
                    "name": "minecraft:leather_chestplate",
                    "weight": 2
                },
                {
                    "type": "item",
                    "name": "minecraft:golden_helmet",
                    "weight": 2
                },
                {
                    "type": "item",
                    "name": "minecraft:fishing_rod",
                    "weight": 10,
                    "functions": [
                        {
                            "function": "enchant_randomly"
                        }
                    ]
                },
                {
                    "type": "item",
                    "name": "complementary:weather_gadget",
                    "weight": 1
                },
                {
                    "type": "item",
                    "name": "minecraft:map",
                    "weight": 10,
                    "functions": [
                        {
                            "function": "exploration_map",
                            "destination": "buriedtreasure"
                        }
                    ]
                }
            ]
        }
    ]
}