{
    "pools": [
        {
            "rolls": 1,
            "entries": [
                {
                    "type": "item",
                    "name": "complementary:raw_iron_powder",
                    "weight": 5
                },
                {
                    "type": "item",
                    "name": "complementary:raw_iron_powder",
                    "functions": [
                        {
                            "function": "set_count",
                            "count": {
                                "min": 2,
                                "max": 2
                            }
                        }
                    ],
                    "weight": 5
                }
            ]
        }
    ]
}