{
    "pools": [
        {
            "rolls": 1,
            "entries": [
                {
                    "type": "item",
                    "name": "minecraft:bone_meal",
                    "functions": [
                        {
                            "function": "set_count",
                            "count": {
                                "min": 3,
                                "max": 3
                            }
                        }
                    ],
                    "weight": 1
                },
                {
                    "type": "item",
                    "name": "minecraft:bone_meal",
                    "functions": [
                        {
                            "function": "set_count",
                            "count": {
                                "min": 4,
                                "max": 4
                            }
                        }
                    ],
                    "weight": 9
                }
            ]
        },
        {
            "rolls": 1,
            "entries": [
                {
                    "type": "empty",
                    "weight": 7
                },
                {
                    "type": "item",
                    "name": "complementary:bone_marrow",
                    "functions": [
                        {
                            "function": "set_count",
                            "count": {
                                "min": 1,
                                "max": 1
                            }
                        }
                    ],
                    "weight": 3
                }
            ]
        }
    ]
}