{
	"format_version": "1.12",
	"minecraft:recipe_shaped": {
		"description": {
			"identifier": "complementary:wizardrytable_meteor_slam_scroll_level_iii"
		},
		"tags": [
			"wizardry_table"
		],
		"key": {
			"A": {
				"item": "complementary:meteor_slam_scroll_level_ii"
			},
			"C": {
				"item": "minecraft:amethyst_block"
			},
			"B": {
				"item": "minecraft:magma"
			},
			"D": {
				"item": "complementary:dynamite_stick"
			},
			"E": {
				"item": "complementary:uncommon_ink"
			}
		},
		"pattern": [
			" C ",
			"BAD",
			" E "
		],
		"result": {
			"item": "complementary:meteor_slam_scroll_level_iii"
		}
	}
}