{
	"format_version": "1.14.0",
	"sound_definitions": {
		"crop.place.inbox": {
			"__use_legacy_max_distance": true,
			"max_distance": 10,
			"min_distance": 0,
			"sounds": [
				"sounds/enter"
			]
		},
		"mob.moobloom.hurt": {
			"__use_legacy_max_distance": "true",
			"category": "neutral",
			"max_distance": null,
			"min_distance": null,
			"sounds": [
				"sounds/mob/cow/hurt1",
				"sounds/mob/cow/hurt2",
				"sounds/mob/cow/hurt3"
			]
		},
		"mob.moobloom.milk": {
			"__use_legacy_max_distance": "true",
			"category": "neutral",
			"max_distance": null,
			"min_distance": null,
			"sounds": [
				"sounds/mob/cow/milk1",
				"sounds/mob/cow/milk2",
				"sounds/mob/cow/milk3"
			]
		},
		"mob.moobloom.say": {
			"__use_legacy_max_distance": "true",
			"category": "neutral",
			"max_distance": null,
			"min_distance": null,
			"sounds": [
				{
					"load_on_low_memory": true,
					"name": "sounds/mob/cow/say1"
				},
				"sounds/mob/cow/say2",
				"sounds/mob/cow/say3",
				"sounds/mob/cow/say4"
			]
		},
		"mob.moobloom.step": {
			"__use_legacy_max_distance": "true",
			"category": "neutral",
			"max_distance": null,
			"min_distance": null,
			"sounds": [
				"sounds/mob/cow/step1",
				"sounds/mob/cow/step2",
				"sounds/mob/cow/step3",
				"sounds/mob/cow/step4"
			]
		}
	}
}