{
	"format_version": "1.20.30",
	"minecraft:item": {
		"description": {
			"identifier": "complementary:meteor_slam_scroll_level_v",
			"menu_category": {
				"category": "equipment",
				"group": "itemGroup.name.wizardry.scrolls.arcane.meteor_slam"
			}
		},
		"events": {
			"complementary:meteor_slam": {
				"run_command": {
					"command": [
						"playsound mob.evocation_illager.prepare_summon @a ~~~ 0.5",
						"scoreboard players remove @p mana 200",
						"summon complementary:arcane_meteor ^^10^10 ~ ~ complementary:level_v",
						"playanimation @p animation.humanoid.wand.air_summon"
					]
				}
			}
		},
		"components": {
			"tag:complementary:scroll": {},
			"tag:complementary:arcane_school": {},
			"minecraft:icon": {
				"texture": "complementary_scroll_uncommon"
			},
			"minecraft:display_name": {
				"value": "Spell Scroll\n§dMeteor Slam§f\n§7Level V"
			},
			"minecraft:max_stack_size": 1,
			"minecraft:cooldown": {
				"duration": 2.2,
				"category": "meteorslam5"
			},
			"minecraft:on_use": {
				"on_use": {
					"condition": "(query.scoreboard('mana')>=200)",
					"event": "complementary:meteor_slam"
				}
			}
		}
	}
}