{
	"format_version": "1.10.0",
	"particle_effect": {
		"description": {
			"identifier": "complementary:mana_boost_effect_emitter",
			"basic_render_parameters": {
				"material": "particles_blend",
				"texture": "textures/particle/particles"
			}
		},
		"components": {
			"minecraft:emitter_rate_instant": {
				"num_particles": 1
			},
			"minecraft:emitter_lifetime_once": {
				"active_time": 1
			},
			"minecraft:emitter_shape_point": {
				"direction": [
					"math.random(-0.25,0.25)",
					"math.random(0,1)",
					"math.random(-0.25,0.25)"
				]
			},
			"minecraft:particle_lifetime_expression": {
				"max_lifetime": "math.random(0.85,1.35)"
			},
			"minecraft:particle_initial_speed": "(math.random(0,1)+math.random(0,1)+1)*0.55",
			"minecraft:particle_motion_dynamic": {
				"linear_acceleration": [
					"(variable.particle_random_1*2-1)*0.5-(variable.particle_age*0.4)*2.5",
					"1+(0.08*variable.particle_age)-(variable.particle_age*0.4)*1.5",
					"(variable.particle_random_2*2-1)*0.5-(variable.particle_age*0.4)*2.5"
				]
			},
			"minecraft:particle_appearance_billboard": {
				"size": [
					0.125,
					0.125
				],
				"facing_camera_mode": "lookat_xyz",
				"uv": {
					"texture_width": 128,
					"texture_height": 128,
					"flipbook": {
						"base_UV": [
							64,
							64
						],
						"size_UV": [
							8,
							8
						],
						"step_UV": [
							-8,
							0
						],
						"frames_per_second": 10,
						"max_frame": 8,
						"stretch_to_lifetime": true
					}
				}
			},
			"minecraft:particle_motion_collision": {
				"enabled": 1,
				"collision_drag": 1,
				"coefficient_of_restitution": 1,
				"collision_radius": 0.01,
				"expire_on_contact": true
			},
			"minecraft:particle_appearance_lighting": {},
			"minecraft:particle_appearance_tinting": {
				"color": {
					"interpolant": "v.particle_age / v.particle_lifetime",
					"gradient": {
						"0.0": "#FF0004FF",
						"0.23": "#FF0078FF",
						"1.0": "#000078FF"
					}
				}
			}
		}
	}
}