{
	"format_version": "1.20.0",
	"minecraft:block": {
		"description": {
			"identifier": "complementary:panels_planks_cherry",
			"menu_category": {
				"category": "construction",
				"group": "itemGroup.name.cherryPlanks"
			}
		},
		"components": {
			"minecraft:destructible_by_mining": {
				"seconds_to_destroy": 2
			},
			"minecraft:destructible_by_explosion": {
				"explosion_resistance": 3
			},
			"minecraft:flammable": {
				"catch_chance_modifier": 5,
				"destroy_chance_modifier": 20
			},
			"tag:axeDiggable": {}
		}
	}
}