{
	"format_version": "1.12.0",
	"minecraft:geometry": [
		{
			"description": {
				"identifier": "geometry.endersteel.armor.chestplate",
				"texture_width": 64,
				"texture_height": 32,
				"visible_bounds_width": 3,
				"visible_bounds_height": 3,
				"visible_bounds_offset": [
					0,
					1.5,
					0
				]
			},
			"bones": [
				{
					"name": "waist",
					"pivot": [
						0,
						12,
						0
					]
				},
				{
					"name": "body",
					"parent": "waist",
					"pivot": [
						0,
						24,
						0
					],
					"cubes": [
						{
							"origin": [
								-4,
								12,
								-2
							],
							"size": [
								8,
								12,
								4
							],
							"inflate": 1,
							"uv": {
								"north": {
									"uv": [
										20,
										20
									],
									"uv_size": [
										8,
										12
									]
								},
								"east": {
									"uv": [
										16,
										20
									],
									"uv_size": [
										4,
										12
									]
								},
								"south": {
									"uv": [
										32,
										20
									],
									"uv_size": [
										8,
										12
									]
								},
								"west": {
									"uv": [
										28,
										20
									],
									"uv_size": [
										4,
										12
									]
								},
								"up": {
									"uv": [
										20,
										16
									],
									"uv_size": [
										8,
										4
									]
								},
								"down": {
									"uv": [
										28,
										20
									],
									"uv_size": [
										8,
										-4
									]
								}
							}
						}
					]
				},
				{
					"name": "head",
					"parent": "body",
					"pivot": [
						0,
						24,
						0
					]
				},
				{
					"name": "hat",
					"parent": "head",
					"pivot": [
						0,
						24,
						0
					]
				},
				{
					"name": "rightArm",
					"parent": "body",
					"pivot": [
						-5,
						22,
						0
					],
					"cubes": [
						{
							"origin": [
								-8,
								12,
								-2
							],
							"size": [
								4,
								12,
								4
							],
							"inflate": 1,
							"uv": {
								"north": {
									"uv": [
										44,
										20
									],
									"uv_size": [
										4,
										12
									]
								},
								"east": {
									"uv": [
										40,
										20
									],
									"uv_size": [
										4,
										12
									]
								},
								"south": {
									"uv": [
										52,
										20
									],
									"uv_size": [
										4,
										12
									]
								},
								"west": {
									"uv": [
										48,
										20
									],
									"uv_size": [
										4,
										12
									]
								},
								"up": {
									"uv": [
										44,
										16
									],
									"uv_size": [
										4,
										4
									]
								},
								"down": {
									"uv": [
										48,
										20
									],
									"uv_size": [
										4,
										-4
									]
								}
							}
						},
						{
							"origin": [
								-8,
								12,
								-2
							],
							"size": [
								4,
								12,
								4
							],
							"inflate": 1.25,
							"uv": {
								"north": {
									"uv": [
										52,
										0
									],
									"uv_size": [
										4,
										12
									]
								},
								"east": {
									"uv": [
										48,
										0
									],
									"uv_size": [
										4,
										12
									]
								},
								"south": {
									"uv": [
										60,
										0
									],
									"uv_size": [
										4,
										12
									]
								},
								"west": {
									"uv": [
										56,
										0
									],
									"uv_size": [
										4,
										12
									]
								},
								"up": {
									"uv": [
										48,
										11
									],
									"uv_size": [
										4,
										4
									]
								},
								"down": {
									"uv": [
										52,
										15
									],
									"uv_size": [
										4,
										-4
									]
								}
							}
						}
					]
				},
				{
					"name": "rightItem",
					"parent": "rightArm",
					"pivot": [
						-6,
						15,
						1
					]
				},
				{
					"name": "leftArm",
					"parent": "body",
					"pivot": [
						5,
						22,
						0
					],
					"cubes": [
						{
							"origin": [
								4,
								12,
								-2
							],
							"size": [
								4,
								12,
								4
							],
							"inflate": 1.25,
							"uv": {
								"north": {
									"uv": [
										60,
										0
									],
									"uv_size": [
										4,
										12
									]
								},
								"east": {
									"uv": [
										56,
										0
									],
									"uv_size": [
										4,
										12
									]
								},
								"south": {
									"uv": [
										52,
										0
									],
									"uv_size": [
										4,
										12
									]
								},
								"west": {
									"uv": [
										48,
										0
									],
									"uv_size": [
										4,
										12
									]
								},
								"up": {
									"uv": [
										48,
										11
									],
									"uv_size": [
										4,
										4
									]
								},
								"down": {
									"uv": [
										52,
										15
									],
									"uv_size": [
										4,
										-4
									]
								}
							}
						},
						{
							"origin": [
								4,
								12,
								-2
							],
							"size": [
								4,
								12,
								4
							],
							"inflate": 1,
							"uv": {
								"north": {
									"uv": [
										48,
										20
									],
									"uv_size": [
										-4,
										12
									]
								},
								"east": {
									"uv": [
										52,
										20
									],
									"uv_size": [
										-4,
										12
									]
								},
								"south": {
									"uv": [
										56,
										20
									],
									"uv_size": [
										-4,
										12
									]
								},
								"west": {
									"uv": [
										44,
										20
									],
									"uv_size": [
										-4,
										12
									]
								},
								"up": {
									"uv": [
										48,
										16
									],
									"uv_size": [
										-4,
										4
									]
								},
								"down": {
									"uv": [
										52,
										20
									],
									"uv_size": [
										-4,
										-4
									]
								}
							}
						}
					]
				},
				{
					"name": "rightLeg",
					"parent": "body",
					"pivot": [
						-1.9,
						12,
						0
					]
				}
			]
		}
	]
}