{
	"format_version": "1.16.100",
	"minecraft:item": {
		"description": {
			"identifier": "complementary:wand_arcane_effect",
			"category": "none"
		},
		"events": {
			"complementary:arcane_shot": {
				"shoot": {
					"projectile": "complementary:arcane_beam_effect",
					"launch_power": 2.5
				},
				"damage": {
					"target": "self",
					"amount": 1,
					"type": "magic"
				},
				"swing": {},
				"run_command": {
					"command": [
						"playsound mob.evocation_illager.prepare_summon @a ~~~ 0.3",
						"clear @p amethyst_shard 0 1"
					]
				}
			}
		},
		"components": {
			"minecraft:repairable": {
				"repair_items": [
					{
						"items": [
							"complementary:rune_arcane"
						],
						"repair_amount": 500
					}
				]
			},
			"minecraft:cooldown": {
				"duration": 1,
				"category": "wand_arcane"
			},
			"minecraft:durability": {
				"max_durability": 500
			},
			"minecraft:max_stack_size": 1,
			"minecraft:hand_equipped": true,
			"minecraft:icon": {
				"texture": "complementary_wand_amethyst"
			},
			"minecraft:creative_category": {
				"parent": "itemGroup.name.wizardry"
			},
			"minecraft:on_use": {
				"on_use": {
					"condition": "t.val=0;t.i=0;loop(27,{t.val=q.is_item_name_any('slot.inventory',t.i,'minecraft:amethyst_shard');t.val?{return t.val;}:0;t.i=t.i+1;});t.val=0;t.i=0;loop(9,{t.val=q.is_item_name_any('slot.hotbar',t.i,'minecraft:amethyst_shard');t.val?{return t.val;}:0;t.i=t.i+1;});",
					"event": "complementary:arcane_shot"
				}
			},
			"minecraft:display_name": {
				"value": "Arcane Wand\n§dArcane Shot\n§7Empowerment I"
			}
		}
	}
}