{
	"format_version": "1.10.0",
	"particle_effect": {
		"description": {
			"identifier": "complementary:ice_shimmer",
			"basic_render_parameters": {
				"material": "particles_alpha",
				"texture": "textures/particle/ice/ice_particle"
			}
		},
		"components": {
			"minecraft:emitter_rate_steady": {
				"spawn_rate": 2,
				"max_particles": 100
			},
			"minecraft:emitter_lifetime_looping": {
				"active_time": 1
			},
			"minecraft:emitter_shape_point": {},
			"minecraft:particle_lifetime_expression": {
				"max_lifetime": 2
			},
			"minecraft:particle_initial_spin": {
				"rotation_rate": "math.random(-90,90)"
			},
			"minecraft:particle_initial_speed": 2,
			"minecraft:particle_motion_dynamic": {
				"linear_drag_coefficient": 0.5,
				"rotating_acceleration": 5
			},
			"minecraft:particle_appearance_billboard": {
				"size": [
					0.5,
					0.5
				],
				"facing_camera_mode": "rotate_xyz",
				"uv": {
					"texture_width": 16,
					"texture_height": 16,
					"uv": [
						0,
						0
					],
					"uv_size": [
						16,
						16
					]
				}
			}
		}
	}
}