{
	"format_version": "1.20.20",
	"minecraft:item": {
		"description": {
			"identifier": "complementary:bursting_blaze_scroll_level_vi",
			"menu_category": {
				"category": "equipment",
				"group": "itemGroup.name.wizardry.scrolls.fire.bursting"
			}
		},
		"events": {
			"complementary:bursting_blaze": {
				"shoot": {
					"projectile": "complementary:fireball_spell_level_vi",
					"launch_power": 0.7
				},
				"run_command": {
					"command": [
						"playsound mob.blaze.shoot @a ~~~",
						"playanimation @p animation.humanoid.wand.shoot",
						"scoreboard players remove @p mana 250"
					]
				}
			}
		},
		"components": {
			"minecraft:icon": {
				"texture": "complementary_scroll_uncommon"
			},
			"minecraft:display_name": {
				"value": "Spell Scroll\n§6Bursting Blaze§f\n§7Level VI"
			},
			"minecraft:max_stack_size": 1,
			"minecraft:cooldown": {
				"duration": 7.5,
				"category": "burstingblaze6"
			},
			"minecraft:on_use": {
				"on_use": {
					"condition": "(query.scoreboard('mana')>=250)",
					"event": "complementary:bursting_blaze"
				}
			}
		}
	}
}