{
	"format_version": "1.20.50",
	"minecraft:block": {
		"description": {
			"identifier": "complementary:loot_crate_open",
			"menu_category": {
				"category": "none"
			}
		},
		"events": {
			"complementary:broken": {
				"die": {},
				"run_command": {
					"command": [
						"playsound mob.zombie.wood @a ~~~",
						"particle minecraft:large_explosion ~~~"
					]
				}
			}
		},
		"components": {
			"minecraft:loot": "loot_tables/empty.json",
			"minecraft:flammable": {
				"catch_chance_modifier": 5,
				"destroy_chance_modifier": 0
			},
			"minecraft:destructible_by_mining": {
				"seconds_to_destroy": 2
			},
			"minecraft:on_player_destroyed": {
				"event": "complementary:broken"
			},
			"minecraft:queued_ticking": {
				"interval_range": [
					50,
					50
				],
				"on_tick": {
					"event": "complementary:broken"
				}
			},
			"tag:axeDiggable": {}
		},
		"permutations": []
	}
}