{
	"format_version": "1.19.50",
	"minecraft:block": {
		"description": {
			"identifier": "complementary:ruby_ore",
			"menu_category": {
				"category": "nature",
				"group": "itemGroup.name.ore"
			}
		},
		"events": {
			"complementary:xp_reward": {
				"run_command": {
					"command": [
						"structure load ore_xp_reward ~~~"
					]
				}
			}
		},
		"components": {
			"minecraft:on_player_destroyed": {
				"event": "complementary:xp_reward"
			},
			"minecraft:destructible_by_mining": {
				"seconds_to_destroy": 4
			},
			"minecraft:destructible_by_explosion": {
				"explosion_resistance": 6
			},
			"minecraft:loot": "loot_tables/blocks/ruby_ore.json",
			"tag:woodpickaxeDiggable": {}
		}
	}
}