{
	"format_version": "1.10.0",
	"particle_effect": {
		"description": {
			"identifier": "complementary:smoke_plumes",
			"basic_render_parameters": {
				"material": "particles_blend",
				"texture": "textures/particle/campfire_smoke"
			}
		},
		"components": {
			"minecraft:emitter_rate_steady": {
				"spawn_rate": 2,
				"max_particles": 100
			},
			"minecraft:emitter_lifetime_looping": {
				"active_time": 1
			},
			"minecraft:emitter_shape_point": {},
			"minecraft:particle_lifetime_expression": {
				"max_lifetime": 3
			},
			"minecraft:particle_initial_speed": 0.5,
			"minecraft:particle_motion_dynamic": {
				"linear_drag_coefficient": 1
			},
			"minecraft:particle_appearance_billboard": {
				"size": [
					0.5,
					0.5
				],
				"facing_camera_mode": "rotate_xyz",
				"uv": {
					"texture_width": 16,
					"texture_height": 192,
					"flipbook": {
						"base_UV": [
							0,
							0
						],
						"size_UV": [
							16,
							16
						],
						"step_UV": [
							0,
							16
						],
						"frames_per_second": 12,
						"max_frame": 8,
						"stretch_to_lifetime": true
					}
				}
			},
			"minecraft:particle_appearance_tinting": {
				"color": [
					1,
					1,
					1,
					"Math.clamp(1.0 - math.clamp(variable.particle_age / variable.particle_lifetime, 0, 1), 0, 1)"
				]
			}
		}
	}
}