{
	"format_version": "1.20.50",
	"minecraft:recipe_shaped": {
		"description": {
			"identifier": "complementary:craftingtable_experience_repository"
		},
		"unlock": [
			{
				"item": "minecraft:echo_shard"
			}
		],
		"tags": [
			"crafting_table"
		],
		"key": {
			"A": {
				"item": "minecraft:echo_shard"
			},
			"B": {
				"item": "minecraft:glass"
			},
			"C": {
				"item": "minecraft:experience_bottle"
			}
		},
		"pattern": [
			"AAA",
			"BCB",
			"AAA"
		],
		"result": {
			"item": "complementary:experience_repository"
		}
	}
}