{
	"format_version": "1.20.50",
	"minecraft:recipe_shaped": {
		"description": {
			"identifier": "complementary:craftingtable_candle_holder_pink"
		},
		"unlock": [
			{
				"item": "minecraft:pink_candle"
			}
		],
		"tags": [
			"crafting_table"
		],
		"key": {
			"A": {
				"item": "minecraft:pink_candle"
			},
			"B": {
				"item": "minecraft:iron_nugget"
			},
			"C": {
				"item": "minecraft:iron_ingot"
			}
		},
		"pattern": [
			"A ",
			"CB"
		],
		"result": {
			"item": "complementary:candle_holder_pink_item",
			"count": 1
		}
	}
}