{
	"format_version": "1.20.50",
	"minecraft:recipe_shaped": {
		"description": {
			"identifier": "complementary:craftingtable_magnet"
		},
		"unlock": [
			{
				"item": "minecraft:redstone"
			}
		],
		"tags": [
			"crafting_table"
		],
		"key": {
			"A": {
				"item": "minecraft:iron_ingot"
			},
			"B": {
				"item": "minecraft:copper_ingot"
			},
			"C": {
				"item": "minecraft:redstone"
			}
		},
		"pattern": [
			"A A",
			"BCB",
			"BBB"
		],
		"result": {
			"item": "complementary:magnet"
		}
	}
}