{
	"format_version": "1.20.50",
	"minecraft:recipe_shapeless": {
		"description": {
			"identifier": "complementary:craftingtable_endersteel_ingot"
		},
		"unlock": [
			{
				"item": "complementary:dragon_scales"
			}
		],
		"tags": [
			"crafting_table"
		],
		"ingredients": [
			{
				"item": "minecraft:ender_pearl",
				"count": 6
			},
			{
				"item": "complementary:dragon_scales",
				"count": 1
			},
			{
				"item": "complementary:steel_ingot",
				"count": 2
			}
		],
		"result": {
			"item": "complementary:endersteel_ingot",
			"count": 2
		}
	}
}