{
	"format_version": "1.20.50",
	"minecraft:recipe_shaped": {
		"description": {
			"identifier": "complementary:craftingtable_endersteel_upgrade_smithing_template"
		},
		"unlock": [
			{
				"item": "complementary:endesteel_alloy_upgrade_smithing_template"
			}
		],
		"tags": [
			"crafting_table"
		],
		"key": {
			"A": {
				"item": "complementary:endersteel_ingot"
			},
			"B": {
				"item": "complementary:endesteel_alloy_upgrade_smithing_template"
			},
			"C": {
				"item": "minecraft:end_stone"
			}
		},
		"pattern": [
			"ABA",
			"ACA",
			"AAA"
		],
		"result": {
			"item": "complementary:endesteel_alloy_upgrade_smithing_template",
			"count": 2
		}
	}
}