{
	"format_version": "1.20.50",
	"minecraft:recipe_shaped": {
		"description": {
			"identifier": "complementary:craftingtable_quilted_wool_light_blue"
		},
		"unlock": [
			{
				"item": "minecraft:string"
			}
		],
		"tags": [
			"crafting_table"
		],
		"key": {
			"A": {
				"item": "minecraft:light_blue_wool"
			},
			"B": {
				"item": "minecraft:string"
			}
		},
		"pattern": [
			" B ",
			"BAB",
			" B "
		],
		"result": {
			"item": "complementary:quilted_wool_light_blue",
			"count": 3
		}
	}
}