{
  "pools": [
    {
      "rolls": {
        "min": 1,
        "max": 1
      },
      "entries": [
        {
          "type": "item",
          "name": "minecraft:howl_pottery_sherd",
          "weight": 2
        },
        {
          "type": "item",
          "name": "minecraft:sheaf_pottery_sherd",
          "weight": 2
        },
        {
          "type": "item",
          "name": "minecraft:heart_pottery_sherd",
          "weight": 2
        },
        {
          "type": "item",
          "name": "minecraft:heartbreak_pottery_sherd",
          "weight": 2
        },
        {
          "type": "item",
          "name": "minecraft:friend_pottery_sherd",
          "weight": 2
        },
        {
          "type": "item",
          "name": "minecraft:danger_pottery_sherd",
          "weight": 2
        },
        {
          "type": "item",
          "name": "minecraft:burn_pottery_sherd",
          "weight": 2
        },
        {
          "type": "item",
          "name": "minecraft:wayfinder_armor_trim_smithing_template",
          "weight": 2
        },
        {
          "type": "item",
          "name": "minecraft:raiser_armor_trim_smithing_template",
          "weight": 2
        },
        {
          "type": "item",
          "name": "minecraft:shaper_armor_trim_smithing_template",
          "weight": 2
        },
        {
          "type": "item",
          "name": "minecraft:host_armor_trim_smithing_template",
          "weight": 2
        },
        {
          "type": "item",
          "name": "minecraft:music_disc_relic",
          "weight": 1
        },
        {
          "type": "item",
          "name": "complementary:pickaxe_fragments",
          "weight": 3
        },
        {
          "type": "item",
          "name": "complementary:claymore_fragments",
          "weight": 3
        },
        {
          "type": "item",
          "name": "complementary:glowstone_pendant",
          "weight": 3
        }
      ]
    }
  ]
}