{
	"format_version": "1.8.0",
	"minecraft:attachable": {
		"description": {
			"identifier": "complementary:endersteel_leggings",
			"materials": {
				"default": "entity_emissive_alpha",
				"enchanted": "armor_enchanted"
			},
			"textures": {
				"default": "textures/models/armor/endersteel_2_glowing",
				"enchanted": "textures/misc/enchanted_item_glint"
			},
			"geometry": {
				"default": "geometry.endersteel.armor.leggings"
			},
			"scripts": {
				"parent_setup": "variable.leg_layer_visible = 0.0;"
			},
			"render_controllers": [
				"controller.render.armor"
			]
		}
	}
}