{
	"format_version": "1.16.0",
	"minecraft:entity": {
		"description": {
			"identifier": "complementary:ice_beam_power_ii",
			"is_spawnable": false,
			"is_summonable": true,
			"is_experimental": false,
			"runtime_identifier": "minecraft:snowball"
		},
		"component_groups": {},
		"components": {
			"minecraft:collision_box": {
				"width": 0.25,
				"height": 0.25
			},
			"minecraft:damage_sensor": {
				"triggers": [
					{
						"cause": "all",
						"deals_damage": false
					}
				]
			},
			"minecraft:projectile": {
				"on_hit": {
					"impact_damage": {
						"damage": 3
					},
					"spawn_aoe_cloud": {
						"color": [
							142,
							184,
							254
						],
						"affect_owner": false,
						"particle": "mobspell",
						"radius": 3,
						"potion": 42,
						"duration": 5
					},
					"mob_effect": {
						"duration": 3
					},
					"remove_on_hit": {},
					"particle_on_hit": {
						"particle_type": "crit",
						"num_particles": 5,
						"on_other_hit": true,
						"on_entity_hit": true
					}
				},
				"power": 1,
				"gravity": 0.05,
				"should_bounce": true,
				"hit_sound": "glass",
				"hit_ground_sound": "glass"
			},
			"minecraft:physics": {},
			"minecraft:pushable": {
				"is_pushable": true,
				"is_pushable_by_piston": true
			},
			"minecraft:conditional_bandwidth_optimization": {
				"default_values": {
					"max_optimized_distance": 80,
					"max_dropped_ticks": 10,
					"use_motion_prediction_hints": true
				}
			}
		},
		"events": {}
	}
}