{
	"format_version": "1.10.0",
	"particle_effect": {
		"description": {
			"identifier": "complementary:essence_aura_power_i",
			"basic_render_parameters": {
				"material": "particles_blend",
				"texture": "textures/particle/essence/essence_aura_power_i"
			}
		},
		"components": {
			"minecraft:emitter_rate_instant": {
				"num_particles": 1
			},
			"minecraft:emitter_lifetime_looping": {
				"active_time": 1
			},
			"minecraft:emitter_shape_point": {},
			"minecraft:particle_lifetime_expression": {
				"max_lifetime": 1
			},
			"minecraft:particle_initial_speed": 0,
			"minecraft:particle_motion_dynamic": {},
			"minecraft:particle_appearance_billboard": {
				"size": [
					"variable.particle_age*4",
					"variable.particle_age*4"
				],
				"facing_camera_mode": "emitter_transform_xz",
				"uv": {
					"texture_width": 128,
					"texture_height": 32,
					"flipbook": {
						"base_UV": [
							0,
							0
						],
						"size_UV": [
							32,
							32
						],
						"step_UV": [
							32,
							0
						],
						"frames_per_second": 3,
						"max_frame": 4,
						"stretch_to_lifetime": true
					}
				}
			}
		}
	}
}