{
	"format_version": "1.10.0",
	"particle_effect": {
		"description": {
			"identifier": "complementary:essence_aura_4",
			"basic_render_parameters": {
				"material": "particles_blend",
				"texture": "textures/particle/essence/essence_aura"
			}
		},
		"components": {
			"minecraft:emitter_rate_instant": {
				"num_particles": 1
			},
			"minecraft:emitter_lifetime_looping": {
				"active_time": 1
			},
			"minecraft:emitter_shape_point": {},
			"minecraft:particle_lifetime_expression": {
				"max_lifetime": 1
			},
			"minecraft:particle_initial_speed": 0,
			"minecraft:particle_motion_dynamic": {},
			"minecraft:particle_appearance_billboard": {
				"size": [
					"variable.particle_age*4.5",
					"variable.particle_age*4.5"
				],
				"facing_camera_mode": "emitter_transform_xz",
				"uv": {
					"texture_width": 128,
					"texture_height": 32,
					"uv": [
						0,
						0
					],
					"uv_size": [
						32,
						32
					]
				}
			},
			"minecraft:particle_appearance_tinting": {
				"color": [
					1,
					1,
					1,
					"Math.clamp(1.0 - math.clamp(variable.particle_age / variable.particle_lifetime, 0, 1), 0, 1)"
				]
			}
		}
	}
}