{
	"format_version": "1.10.0",
	"particle_effect": {
		"description": {
			"identifier": "complementary:essence_energy_range_i",
			"basic_render_parameters": {
				"material": "particles_alpha",
				"texture": "textures/particle/essence/essence_energy"
			}
		},
		"components": {
			"minecraft:emitter_rate_steady": {
				"spawn_rate": 5,
				"max_particles": 100
			},
			"minecraft:emitter_lifetime_looping": {
				"active_time": 1
			},
			"minecraft:emitter_shape_box": {
				"half_dimensions": [
					-5,
					0,
					5
				],
				"direction": [
					0,
					1,
					0
				]
			},
			"minecraft:particle_lifetime_expression": {
				"max_lifetime": 3
			},
			"minecraft:particle_initial_speed": "math.random(0.5,1.5)",
			"minecraft:particle_motion_dynamic": {
				"linear_acceleration": [
					0,
					1,
					0
				]
			},
			"minecraft:particle_appearance_billboard": {
				"size": [
					0.06,
					0.3
				],
				"facing_camera_mode": "lookat_y",
				"uv": {
					"texture_width": 7,
					"texture_height": 5,
					"flipbook": {
						"base_UV": [
							0,
							0
						],
						"size_UV": [
							1,
							5
						],
						"step_UV": [
							1,
							0
						],
						"frames_per_second": 3,
						"max_frame": 3,
						"stretch_to_lifetime": true
					}
				}
			}
		}
	}
}